{
  "cvd_slope_10": [
    -6.4653232999353385,
    -3.147073399968527,
    -1.7392584999826024,
    -0.8221395999917669,
    -0.08649349999913084,
    0.5731177999942798,
    1.4427143999855794,
    2.8161407999718477,
    5.598714399944015
  ],
  "hour4_sin": [
    -0.9588197348681927,
    -0.8090169943749469,
    -0.5877852522924726,
    -0.2840153447039251,
    0.02617694830787298,
    0.3583679495452982,
    0.5877852522924729,
    0.8090169943749477,
    0.9588197348681927
  ],
  "skew_30": [
    -1.0567768590554125,
    -0.6695579359594879,
    -0.40728334907287916,
    -0.21891824053011652,
    -0.03654435042175062,
    0.13016362426174663,
    0.3070533587754202,
    0.5450062088513697,
    0.8989262239587911
  ],
  "trix_30": [
    -0.009267794219152137,
    -0.0057432395592860175,
    -0.003479732624229737,
    -0.0017651735943724483,
    -0.0002462510555800712,
    0.0013879757835910662,
    0.0031817661389643703,
    0.005412731106551053,
    0.009170402128462216
  ],
  "vpt_sum_30": [
    -0.2586050437984733,
    -0.1111549538001792,
    -0.0561030655982771,
    -0.02357156424047926,
    -0.0017568230905371804,
    0.016194931380865335,
    0.04905671338668003,
    0.10578782636281428,
    0.24601763100059676
  ],
  "mfi_14": [
    20.503251927805916,
    29.38673485392524,
    37.05490357953679,
    43.68852458550318,
    49.4400159367465,
    55.67189965742083,
    61.63850234950401,
    68.88699441130163,
    77.60456131408013
  ],
  "rally_30": [
    5.5812190031857214e-05,
    0.0004683582960208362,
    0.0008798786516407438,
    0.0013242127688099276,
    0.0018002733619224532,
    0.002438667825619339,
    0.0031616518248351352,
    0.004148431283947795,
    0.005980129994819327
  ],
  "price_vs_rvwap_60": [
    -0.003310717264692702,
    -0.002051553776147182,
    -0.001282945409097246,
    -0.0006382087666486206,
    -5.0331682234786707e-05,
    0.0005431187401783378,
    0.0011509842803372873,
    0.002042181080950714,
    0.0033471657112884566
  ],
  "macd_signal": [
    -62.577514860788426,
    -37.88831988266258,
    -23.020962730857043,
    -11.30313274383632,
    -1.2875266314481093,
    9.112675126617384,
    20.415767820744904,
    36.08185805382848,
    61.71245228841571
  ],
  "taker_vol_raw": [
    0.6289,
    0.7446600000000001,
    0.83344,
    0.9241600000000001,
    1.0168,
    1.1197199999999998,
    1.2315,
    1.3767200000000002,
    1.6256
  ]
}